Channel,Window_Index,Start_Sample,End_Sample,Rolling_Energy,Rolling_Mean,Rolling_Min,Rolling_Max
Left,0,0,2,3.690333,-0.392229,-1.404807,1.033524
Left,1,1,3,3.999614,-0.450012,-1.404807,1.033524
Left,2,2,4,2.933887,-0.778034,-1.404807,0.049459
Left,3,3,5,1.253489,-0.129308,-0.978754,0.541371
Left,4,4,6,2.132769,0.648759,0.049459,1.355448
Left,5,5,7,2.901612,0.925017,0.541371,1.355448
Left,6,6,8,3.056179,0.521537,-0.669067,1.355448
