i,original,scaled
0,12.500000,0.256959
1,3.000000,0.053533
2,47.200000,1.000000
3,8.800000,0.177730
4,23.100000,0.483940
5,47.200000,1.000000
6,0.500000,0.000000
7,31.600000,0.665953
