Channel,Index,Value
Left,0,-0.006198
Left,1,0.02446
Left,2,-0.016191
Left,3,-0.009088
Left,4,0.008054
Left,5,0.016255
Left,6,0.029827
Left,7,0.021871
Left,8,-0.003925